Image,Eye Ball Distance,Eye Distance,Eye Width,Face Width,Nose Length,Nose Width,Lip Thickness,Left Brow Width,Brow Length,Face Length
makeup0.jpeg,0.18321462544276176,0.18321462544276176,0.14530301934598358,0.725923078389675,0.03465832491693925,0.14288506554228103,0.07453571532073319,0.06535459055234838,0.17016707552739677,0.9027185285202127
makeup1.jpeg,0.21878945707868988,0.21878945707868988,0.1793615556005342,0.7844153571727537,0.03982325778348442,0.12893385184951228,0.09061139180669138,0.14754961351299595,0.15003421626890856,0.9839226836869869
makeup1000.jpeg,0.20714851005167628,0.20714851005167628,0.16517273750438935,0.7890679905662947,0.03699847025086414,0.13133567426082227,0.00032780064683334757,0.12801872081365825,0.1679257489930418,0.9341471668889683
makeup1003.jpeg,0.20958006496907539,0.20958006496907539,0.13074908200329072,0.772805950974042,0.03998755571242861,0.17808486045264574,0.001374778263275938,0.06736333139559082,0.20010939441986134,0.997740796692235
makeup1005.jpeg,0.21766064291465528,0.21766064291465528,0.1785132358360765,0.8475295736149706,0.0360285120505383,0.14523432177123968,0.03797101072074674,0.09226544976734592,0.1841695675753623,0.9640539133141146
makeup1007.jpeg,0.18821870098548096,0.18821870098548096,0.1631988977734793,0.776194545975276,0.03599764263862182,0.13450464285444858,0.02424512888054217,0.07934279814637693,0.1701693639057832,0.9110907581173004
makeup1011.jpeg,0.23175161149098297,0.23175161149098297,0.19205949720389046,0.8407331857886803,0.034009229661143746,0.13697673732882037,0.004017608693960894,0.09365726471566362,0.18128221611529002,0.9910619882487016
makeup1014.jpeg,0.237332524399453,0.237332524399453,0.19790408786859873,0.8548519577604231,0.0384751364363338,0.14443376966369445,0.0005953930283257446,0.1178561885152477,0.1857743148975589,0.9653875128402769
makeup1017.jpeg,0.2694646048744975,0.2694646048744975,0.2110715500278304,0.9685907333025263,0.044988043679861124,0.17995301847234832,0.0004302684427262037,0.10002726039560618,0.20991877981788637,1.1696875613472324
makeup1026.jpeg,0.2254043838315249,0.2254043838315249,0.175277514909235,0.847664122857545,0.0380155782493779,0.15149143411222274,0.011207793618843302,0.10409309672486537,0.18914706881739557,0.990714899929159
makeup1029.jpeg,0.21457993084365737,0.21457993084365737,0.15739994803805712,0.7699549780722351,0.03792728525547873,0.15872552724358072,0.000945077248483096,0.0712565221484057,0.1727325329233202,0.955188271087786
makeup1033.jpeg,0.21111090278995262,0.21111090278995262,0.1660143903386241,0.7748221383670755,0.0352115250059143,0.13364151400806915,0.0013617580004890478,0.08839067027922538,0.1670383801254277,0.901285826328284
makeup1036.jpeg,0.18350846459548759,0.18350846459548759,0.17218209965434011,0.7110514867159572,0.03862005287096486,0.11743652510364427,0.07967849379270815,0.12526707912297874,0.14744914907394116,0.9438995836489725
makeup1040.jpeg,0.1920920633182832,0.1920920633182832,0.13879501057712995,0.7242873894897746,0.03416804201127334,0.12809547320384426,0.010565181300781646,0.09019207091551754,0.15773925386164167,0.86041143944474
makeup1042.jpeg,0.2110864505965036,0.2110864505965036,0.17586169525206694,0.8679724229712971,0.042805272191176816,0.1596313283279163,0.03519771968794005,0.11320312264757595,0.19125142587266353,1.0673205474908825
makeup1045.jpeg,0.20388972372926156,0.20388972372926156,0.1461409926368817,0.7858573712718951,0.03826006098469758,0.16304787836243528,0.08111400477732747,0.07794417957674098,0.18694937694749483,0.9264252396871776
makeup1046.jpeg,0.24232978746352402,0.24232978746352402,0.22447479471054999,0.8792350445922079,0.044767055044034915,0.12524583081775478,0.00974902724442073,0.1712864556801186,0.17537662713332042,1.1386995959302912
makeup1048.jpeg,0.20166028303327713,0.20166028303327713,0.17777941973783795,0.7390852002972866,0.03163146324324487,0.11368057913266572,0.04256054581929538,0.09614594537832044,0.1502952077712788,0.8552326848170245
makeup1049.jpeg,0.1991218560164282,0.1991218560164282,0.16049726939742417,0.7849654637928893,0.03724285670211802,0.14832023615336518,0.015516751457705792,0.1079122246968403,0.18097124356112546,0.9141799732378905
makeup1052.jpeg,0.20170488599259603,0.20170488599259603,0.16435024475734347,0.8158925559771315,0.037013153294159135,0.14459316294020158,0.00016439338146210557,0.10086531433676392,0.18439320267182252,0.925454242627685
makeup1055.jpeg,0.19007986774880384,0.19007986774880384,0.15835070429918044,0.7614236362323612,0.03410564355882575,0.14423806425964758,0.12486036391158196,0.10490464165216064,0.17345546997174985,0.8841049942895698
makeup1056.jpeg,0.18355070210279822,0.18355070210279822,0.1269163277833319,0.7103391801649301,0.038138282378856116,0.15387229200297228,0.07904155844820598,0.05773953823273246,0.17026068190573812,0.9368540111149414
makeup1057.jpeg,0.19656922663373858,0.19656922663373858,0.1476378297950668,0.7872765108450334,0.03676616838686256,0.14806090742170225,0.0034508799237744007,0.09999251434971816,0.18116912168458013,0.8969832744279668
makeup1060.jpeg,0.2206639690562522,0.2206639690562522,0.16709457316091694,0.8006679201318095,0.03747652096578442,0.14550972221011704,0.0006492384843240051,0.09597707143350652,0.17870641742584464,0.9528030069368375
makeup1061.jpeg,0.20411577416951204,0.20411577416951204,0.1663150996413776,0.8130523348694855,0.036081349862050284,0.13736048573059853,0.0008660079799611805,0.10794782223517756,0.1741242201513665,0.9076518655554048
makeup1062.jpeg,0.15033144460330544,0.15033144460330544,0.10019913625538546,0.6844095199413295,0.034452948192533715,0.157133107953129,0.0020776516678038363,0.04397966653728536,0.1851343173454795,0.8866202483243171
makeup1064.jpeg,0.19685880239146442,0.19685880239146442,0.17261148666702333,0.7659093973232977,0.03448139850505491,0.12316676534467251,0.0036242302550324288,0.10903870368896838,0.15404413042188694,0.9003628704020058
makeup1065.jpeg,0.23413345162068971,0.23413345162068971,0.14680030398483843,0.8428547995128349,0.038581648627399004,0.17586105436140825,0.10316606024179638,0.09452813880373769,0.21232670615117394,0.9938706797949644
makeup1068.jpeg,0.1756167031928049,0.1756167031928049,0.1691060023452202,0.7140630529715107,0.03527312149649322,0.10479524836530607,0.0012796684779974228,0.1442240578747872,0.14570037949141063,0.8801103261064367
makeup1070.jpeg,0.22642789251569856,0.22642789251569856,0.190798585442565,0.8390192057831556,0.04034326473382633,0.15293019481820289,0.0010113730527826186,0.10360932889250322,0.17768603643116507,1.0102980631222014
makeup1071.jpeg,0.21509364265475153,0.21509364265475153,0.1730043576623495,0.7990802175899605,0.035018630235767366,0.1563123491447381,0.0018602025276256682,0.06830816169066362,0.18291900182200463,0.937144189306348
makeup1078.jpeg,0.22927345314048148,0.22927345314048148,0.195798996412105,0.8682886208005427,0.03904135498224711,0.14787465238042433,0.003468892538623525,0.09988067497063152,0.1755025503888047,1.0456128840853047
makeup1079.jpeg,0.17147653841784738,0.17147653841784738,0.12432268070755208,0.698539007061129,0.03529686368363232,0.15549553644771408,0.047282008023349434,0.056202152904200824,0.17522175797539322,0.9140922330642259
makeup1084.jpeg,0.23121929807175182,0.23121929807175182,0.1698825233240631,0.8158742809028579,0.037228121633047395,0.14822006390137368,0.0010095795811956366,0.092851287727563,0.18004611476610038,0.9459062781047194
makeup1087.jpeg,0.19336410004993337,0.19336410004993337,0.2015778597814227,0.813060424732052,0.03786912956677754,0.12068576807016385,0.0006847601395961856,0.16735983497415094,0.1645514012917466,0.9780582933181293
makeup1088.jpeg,0.16010688421855193,0.16010688421855193,0.14157596506492465,0.68869728284906,0.033636975462079936,0.1489542137807403,0.0023366171458188063,0.04260212563183658,0.16860729394001997,0.8840419387335609
makeup1089.jpeg,0.20489366940034093,0.20489366940034093,0.16513640803235688,0.8087280657942872,0.037720185611787235,0.138000717833023,0.0027980963523214423,0.1096111984746907,0.18002397789945815,0.9279192955651007
makeup1091.jpeg,0.26238340409042205,0.26238340409042205,0.18719002503462165,0.9388869630765307,0.04163620603073246,0.20241135806827418,0.007532236854977128,0.08355527705062774,0.23185097128488513,1.1421389594770641
makeup1095.jpeg,0.23115980382379517,0.23115980382379517,0.1726913822457256,0.7750003884935677,0.03676974093363628,0.14695374498680872,0.052960766809871766,0.10279831840897051,0.175280421030885,0.94027751209369
makeup1097.jpeg,0.2342861614022281,0.2342861614022281,0.21689543573732137,0.956192500057025,0.043326875616269155,0.1634192803063055,0.003257331549389446,0.10871037220857424,0.18281867619755804,1.14959853150835
makeup1100.jpeg,0.22946358994860389,0.22946358994860389,0.1995865185809282,0.9340310885376037,0.04208063789976763,0.1673898601306024,0.07698137430300792,0.108822474035838,0.19933459930163977,1.0919682385370657
makeup1105.jpeg,0.2051814575874612,0.2051814575874612,0.1730750369492692,0.8096396674553114,0.03741605148717958,0.11741984559839416,0.050115631634009596,0.14085652448092417,0.16554402727127393,0.9574961279352341
makeup1112.jpeg,0.20870853038109505,0.20870853038109505,0.15046447501583954,0.7967395427912077,0.03921791797724688,0.16232317122585643,0.060612858173927295,0.0625438275304364,0.17608261454282004,0.9750398177044877
makeup1113.jpeg,0.21005407638618426,0.21005407638618426,0.14495139078367764,0.8319045531536365,0.03826504253726393,0.16107245645188126,0.07487338158808303,0.07054462177491488,0.19220724815151732,0.9944373463246563
makeup1117.jpeg,0.2004520248126962,0.2004520248126962,0.14494451731203534,0.7365171016079498,0.0333639204253232,0.1425284893961713,0.025814429225549867,0.05601531989460494,0.16045906146067718,0.8795395731187287
makeup1120.jpeg,0.16849620418351274,0.16849620418351274,0.11370918285472432,0.6919825602905724,0.03416066305315225,0.15510410527281682,0.0025254978202071295,0.04291494184880101,0.17268696487083748,0.9084554853627714
makeup1122.jpeg,0.20019905282802716,0.20019905282802716,0.15023137840099168,0.7985513862652419,0.0364427986470769,0.1495492868314214,0.0009288677421088285,0.08046445658470018,0.17679077119181463,0.932760708418299
makeup1123.jpeg,0.21084441568849782,0.21084441568849782,0.16560352448339863,0.795762602646158,0.039436899871358136,0.14653942020750516,0.05551628343815936,0.1320173224520429,0.1790127914327595,0.9610764405630009
makeup1127.jpeg,0.2100310133369383,0.2100310133369383,0.1823887439583329,0.8316963767171635,0.04033353352811668,0.15276485044786922,0.001600607386118694,0.09933182849154534,0.17872187902527314,1.0145817312805978
makeup1129.jpeg,0.25698744554034125,0.25698744554034125,0.23076147547737388,0.9420682591614379,0.03824982016498487,0.12565878911568734,0.0028067077106265275,0.18444345704855766,0.1942494538374493,1.0331388896994207
makeup1130.jpeg,0.20512273804225237,0.20512273804225237,0.17199737601779191,0.7580162639844622,0.037109357947688444,0.14585148304146736,0.0013746839622734114,0.08135592412038045,0.16446233023917664,0.938586079190654
makeup1132.jpeg,0.2237696790262697,0.2237696790262697,0.17217739589236303,0.8143695856753046,0.03682119806423868,0.14678936660685846,0.0324844848208684,0.09024785856604987,0.1736278775873953,0.9358317779747375
makeup1136.jpeg,0.21269733940179503,0.21269733940179503,0.1761975218033112,0.8653568639753009,0.03740366465403864,0.1565801573384307,0.002322742965681442,0.09779174492280779,0.18961696677045242,0.9975403479320608
makeup1138.jpeg,0.18642762348062464,0.18642762348062464,0.14892764772098696,0.7712912662303316,0.0368979769670825,0.14491826759150322,0.04506242620276591,0.07483211217101973,0.17200903327329226,0.9309743269836673
makeup1142.jpeg,0.18046801966489392,0.18046801966489392,0.12935665854202102,0.6989544716954096,0.03736567123067607,0.1548438194320637,0.03873494280102503,0.07137944008467542,0.1807077476396441,0.9327675315481132
makeup1146.jpeg,0.21616746629220346,0.21616746629220346,0.10387955006570056,0.7185375932209732,0.03605555912438475,0.17944193420813248,0.005093886358005789,0.028298738890952958,0.20080686431836697,0.9637208558782936
makeup1148.jpeg,0.2072796884060361,0.2072796884060361,0.16576991468112903,0.8451721509525367,0.04063718032240554,0.15973891422547112,0.06059774578320268,0.08235440706025224,0.18052535603047354,1.0194001744618448
makeup1151.jpeg,0.18596885451845252,0.18596885451845252,0.13686526864506093,0.7577826591943926,0.038648168375969606,0.17624398666561175,0.0013801301047355282,0.044989255045829075,0.19073739319071892,0.973052732478851
makeup1154.jpeg,0.2311161138707319,0.2311161138707319,0.1704564475295797,0.8627668575429,0.04015595695547539,0.15655814270048657,0.04439394182663312,0.11307991731964025,0.1849184428284457,1.004231321558176
makeup1159.jpeg,0.1943020788339364,0.1943020788339364,0.17039619882454426,0.7752927528022223,0.03526806346468943,0.13042266739873923,0.0037879524614184024,0.09356143064426489,0.16620414449718635,0.9542013742492552
makeup1160.jpeg,0.22676073005116446,0.22676073005116446,0.18850955883985016,0.8427029486808144,0.03769459659007807,0.15040541639037375,0.0014424156969261527,0.09244097703635798,0.17929887399378192,0.97593004745854
makeup1162.jpeg,0.2356661950116901,0.2356661950116901,0.1779969751395394,0.8719514264572662,0.040463827035448575,0.18194531616377335,0.008448291084313829,0.07066121051646002,0.19978371615515525,1.0260998741164518
makeup1163.jpeg,0.20384025023465754,0.20384025023465754,0.14520899038706506,0.7538060394793719,0.036994257847407785,0.1530709677571301,0.06680916326914425,0.06796696270858789,0.17490980918262414,0.934345252243514
makeup1164.jpeg,0.23940712224022323,0.23940712224022323,0.1759836072327601,0.8374679006659889,0.04256347115965918,0.1660340242332471,0.04503093919382751,0.10707570101435729,0.18426471602079458,1.0172769113827518
makeup1172.jpeg,0.17940854527783928,0.17940854527783928,0.1621757811593922,0.7365992466487025,0.03188885360291891,0.11680770510707404,0.008625310967569117,0.09206635731043994,0.15247134674701612,0.8437380564941545
makeup1173.jpeg,0.2153428202723579,0.2153428202723579,0.1844749630344379,0.7961412605163286,0.037323064876729775,0.12321088709862996,0.0035907847456220577,0.14104983900933254,0.1534838879130781,0.954538593943682
makeup1178.jpeg,0.1914680881810359,0.1914680881810359,0.15764166911738461,0.7096929541694224,0.03579216741577215,0.12249325938397308,0.030045296972920257,0.13901218314002783,0.15209943583536553,0.882041778997796
makeup1179.jpeg,0.21698047645149474,0.21698047645149474,0.17635735071951628,0.8268399605741932,0.03830359376503561,0.1355565251783278,0.00130636223219789,0.1289493873978105,0.17911614443999613,0.9731022875279881
makeup1183.jpeg,0.2003131914251493,0.2003131914251493,0.1464087418865146,0.7032990913166612,0.03338959717871069,0.12132527257194843,0.0004492396066430581,0.11279805689730213,0.154433414182822,0.8306377418101148
makeup119.jpeg,0.1933967771486658,0.1933967771486658,0.15819994714468713,0.7732326080310582,0.03561816318631138,0.12675343282938323,0.05332171314699639,0.13351214716025,0.16014780403682077,0.9241873980671261
makeup1191.jpeg,0.25806018155976423,0.25806018155976423,0.19729255911008342,0.93137079724049,0.04522072334283251,0.16801404440073084,0.019915136023054492,0.16575815931298277,0.20026938837999642,1.1282564534045774
makeup1192.jpeg,0.21121134228080718,0.21121134228080718,0.15905239709338292,0.8374421905680863,0.041606588220931745,0.17444776728623745,0.041167676760705235,0.07644548618500367,0.19093048545062585,1.05312442777972
makeup1202.jpeg,0.24610543256533643,0.24610543256533643,0.1862210384276429,0.9157523873293347,0.039058267126301914,0.19470619137165204,0.011338568324209994,0.0616171780399502,0.22646038586112355,1.0520131765670317
makeup1203.jpeg,0.19961026700421877,0.19961026700421877,0.17274102516810713,0.7613880460264324,0.03503906412944913,0.11618694516493734,0.0013622167863858274,0.12357207016108415,0.1576365925140314,0.922329227376367
makeup1219.jpeg,0.22144953821431576,0.22144953821431576,0.14455633796494585,0.8077777074269364,0.0377553478407165,0.16110624545117044,0.018904201491118967,0.09125181087130971,0.18809733473703144,0.9563748536017008
makeup125.jpeg,0.25739023915936143,0.25739023915936143,0.18642031565275907,0.8759450718673799,0.04389905951723832,0.1680437598164683,0.10469100582205634,0.12444591852738493,0.19530254739670477,1.0954309021437014
makeup13.jpeg,0.2653321662923777,0.2653321662923777,0.2018039139605584,0.963754262141197,0.045649163176954576,0.18212991442660717,0.000807947356246407,0.11102577436637891,0.20259556487466054,1.1732400557959557
makeup130.jpeg,0.24410398047357304,0.24410398047357304,0.17381218959090317,0.8867339270371256,0.04222120430291061,0.16083170724728046,0.07247915100762987,0.11302759519248223,0.1935768801665154,1.0364904571282683
makeup131.jpeg,0.20072144417031465,0.20072144417031465,0.16352561940311425,0.8100923306694662,0.03519816339207504,0.1415628501791588,0.0018588785979655061,0.09260573958046851,0.17753939405589456,0.9017880252643515
makeup14.jpeg,0.20575350096002343,0.20575350096002343,0.1512944005589624,0.7169304102909673,0.034259519094613264,0.12034276075816966,0.06322598070596049,0.11359869542044924,0.1528910019246224,0.8789902425080292
makeup140.jpeg,0.2231629786899612,0.2231629786899612,0.17455527311550095,0.8406649740780325,0.03682901610087358,0.15311968561242914,0.0006849515414832551,0.09091732097441903,0.18964702599302619,0.9469266915246042
makeup16.jpeg,0.1970443127805655,0.1970443127805655,0.15975624957124515,0.6882367538774974,0.03591926308890565,0.12859351853586876,0.02919655548730783,0.11368506104402677,0.15249331855318446,0.8817691522027946
makeup161.jpeg,0.19533916567833196,0.19533916567833196,0.14631580926051382,0.7342207996469186,0.038097744390009604,0.15152325722216042,0.0005252883260430792,0.06713113947009947,0.1731742086939648,0.9102318954270234
makeup169.jpeg,0.23474031933615058,0.23474031933615058,0.20829394992170722,0.8633543707746963,0.042032977140623415,0.1324492302883805,0.009901970229493868,0.1807143652812086,0.17788881714014143,1.0501886618356815
makeup174.jpeg,0.2595236296021682,0.2595236296021682,0.21026096893081792,0.9640126275801022,0.04509968657830375,0.17794811554325976,0.0015899287613308864,0.0872838805077337,0.19796997453450133,1.1317886858943735
makeup187.jpeg,0.28147006695014376,0.28147006695014376,0.20658772479549245,0.9994924073902715,0.049142117914341275,0.20842760758798332,0.00223348316201481,0.09631711823506624,0.23029759239097908,1.2377336690606289
makeup194.jpeg,0.18636799711306143,0.18636799711306143,0.14085839704774192,0.7499928269969511,0.03832899698332086,0.1593431191242071,0.06276558682113872,0.05976263376044136,0.1738016094681658,0.962282516139512
makeup197.jpeg,0.18533238327136348,0.18533238327136348,0.14914522382509027,0.742280755762145,0.036614241171557683,0.14149739004747516,0.10559031800587287,0.09762753935883973,0.16594829145046147,0.9365283361097986
makeup200.jpeg,0.22297979013026395,0.22297979013026395,0.17569719703258532,0.8006544108381157,0.037954048231859924,0.13076415703947492,9.63810607830662e-05,0.12439059441401913,0.16807771428050705,0.9404687809084438
makeup209.jpeg,0.2014509370935477,0.2014509370935477,0.16553567728796278,0.7691546146719959,0.034956557079490067,0.13010721300272912,0.0012213604646617731,0.10848527782471723,0.1643662534115528,0.894448544018262
makeup21.jpeg,0.17883000559630277,0.17883000559630277,0.137685646884129,0.763664238882857,0.03857066883302328,0.1374630888146272,0.08960138612862789,0.10132866269730632,0.16684955599748894,0.9326183114971499
makeup217.jpeg,0.21943722802047508,0.21943722802047508,0.17888284466599516,0.8097534886801572,0.035558150821931485,0.1399354719370045,0.01807173623088925,0.10377563174437776,0.18017393901481185,0.9118161738479208
makeup219.jpeg,0.2421578570080869,0.2421578570080869,0.1982831147107141,0.8342305272369646,0.03966094316131239,0.14634446634369158,0.000939362866754278,0.10571076437722847,0.17485086672923075,0.9932476852956377
makeup230.jpeg,0.21394420131149125,0.21394420131149125,0.1698748347540696,0.7972259681104626,0.035918584463083825,0.13713154327990645,0.0005834617450022844,0.10937760242334743,0.1735784433194657,0.9139070498003083
makeup231.jpeg,0.20624573945693897,0.20624573945693897,0.18551128819191817,0.7795553814899274,0.036344280838955495,0.12707818781364405,0.0006594109263504389,0.13086894504770805,0.16094711220717028,0.9418290650578539
makeup24.jpeg,0.28453519941248273,0.28453519941248273,0.2324865561599933,1.0020301305940038,0.04610787341538987,0.1650636557753798,0.07817293680851241,0.15924498036680662,0.20695437419061938,1.2187961710510382
makeup251.jpeg,0.23503228333197362,0.23503228333197362,0.18076234488196585,0.8986163653346355,0.038405020909183026,0.1586117177121347,0.001234168040860569,0.10842675320856425,0.18937595258282303,0.9866971741576985
makeup253.jpeg,0.17366738622448463,0.17366738622448463,0.15543084820062514,0.6567706871663627,0.032005283785351515,0.09276908708731665,0.0024725981202366127,0.1310055149405889,0.13816208794620385,0.8607422732467197
makeup265.jpeg,0.2551414306109402,0.2551414306109402,0.21307108856713683,0.9248357132721555,0.04316208334367625,0.17539718953420455,0.017398651133459668,0.10883780811631136,0.20254572840214613,1.1202564189810882
makeup274.jpeg,0.1872430719338644,0.1872430719338644,0.13797981251347663,0.7123420703014324,0.0340460650792265,0.13718206722332274,0.023506015014182376,0.07423516385798427,0.1633559103668441,0.8611892992731301
makeup29.jpeg,0.21146242524674874,0.21146242524674874,0.15043130398649776,0.7311214348348527,0.03718571167310273,0.1444435920275037,0.023770371575096563,0.09080662136013719,0.1657079683661743,0.9093480379058423
makeup296.jpeg,0.2212440413294646,0.2212440413294646,0.19989980567566384,0.8859332284131073,0.03941878513309762,0.1519813275089542,0.0007897874472526464,0.1227508097491262,0.18950771049793186,1.033922366201277
makeup30.jpeg,0.1985508831258353,0.1985508831258353,0.16309608256601682,0.7661909837363252,0.037015621206826395,0.13853974744674394,0.03660856816880497,0.08781928953980259,0.16863958205989144,0.9043606351013873
makeup304.jpeg,0.21059641622320674,0.21059641622320674,0.16978970756107628,0.7813883640979884,0.03749856526217132,0.12743454252947387,0.0004702030566309561,0.12009225162337521,0.15938201398085028,0.9332813638177759
makeup31.jpeg,0.18267987515107617,0.18267987515107617,0.16929929418946227,0.7141625855487261,0.034526792097314435,0.09946022406875336,0.0006639288473931871,0.1210398514460953,0.14479872297892282,0.8943495950779853
makeup311.jpeg,0.25026491042029453,0.25026491042029453,0.1819858879009318,0.8428021282262487,0.039718622002568434,0.15468744957941577,0.000716542945857996,0.11958513139117384,0.1893916615101634,1.0023392624157033
makeup327.jpeg,0.2386345707883431,0.2386345707883431,0.19393934159931753,0.9257873618627005,0.044195503220953634,0.17705690656138878,0.020761423555922965,0.10969607483200655,0.2104064759182429,1.1217907426074676
makeup328.jpeg,0.2073292998789793,0.2073292998789793,0.15806530025309506,0.7237623192055623,0.03549609677023893,0.12406055841687424,0.04818482726751037,0.10670319666206783,0.15357696970386037,0.8685346459305144
makeup331.jpeg,0.2300640141507485,0.2300640141507485,0.1848990597565756,0.8674186790126194,0.03667759517567461,0.15465790583170033,0.0008376996516845846,0.07791619647071552,0.1852412946858727,0.9491214208736681
makeup337.jpeg,0.21486533568232496,0.21486533568232496,0.1586601284844652,0.8209009181824993,0.037011872438413265,0.15939850906964415,0.006837422158259869,0.07510540061766445,0.18679879952264306,0.9544833457806848
makeup341.jpeg,0.20748603388654632,0.20748603388654632,0.1759461767725054,0.8359000058887597,0.037164765271290756,0.14309833414253623,0.06841745226815504,0.10224551625497412,0.17552161241178274,0.9969808210258987
makeup342.jpeg,0.20268543649629472,0.20268543649629472,0.15807095578887737,0.790063196544815,0.0372287924793225,0.14451400571591863,0.03267978638389112,0.10098581973097678,0.1736956307391304,0.9515974067523667
makeup345.jpeg,0.22299804864614117,0.22299804864614117,0.17207021871123535,0.8115920992208335,0.037739220030338916,0.14657090978706405,0.0007185836821881715,0.09797706243709291,0.18583956263065193,0.9697319402985539
makeup356.jpeg,0.22439413557701804,0.22439413557701804,0.19187121227475754,0.8566902880728813,0.038808699337395426,0.1533429048095773,0.0016880370296983118,0.09879523695408321,0.18375565313744777,0.9862299580395485
makeup362.jpeg,0.2261307487600803,0.2261307487600803,0.20769329401849007,0.868249758807025,0.039444304007621944,0.12398865493036199,0.07722036554063078,0.16187216368068838,0.1813046521165464,1.0254771888915024
makeup365.jpeg,0.26989136742343056,0.26989136742343056,0.17693791342715334,0.8920597714094071,0.04070434795033167,0.18505044605223972,0.1554545219990758,0.10220854580965438,0.2160299185988569,1.0656112592915676
makeup368.jpeg,0.1764080202478509,0.1764080202478509,0.13847875328113804,0.7362185612702836,0.03993157521308667,0.16724153897267593,0.0007732312615236445,0.06704864541996382,0.1908588828411395,0.9741380984079553
makeup373.jpeg,0.22861721060330198,0.22861721060330198,0.19302816792903665,0.8683266628827898,0.03930375646376362,0.15649698246313093,0.0174444560900701,0.0980601217386498,0.1860220841877571,1.0272367228820218
makeup375.jpeg,0.18762284271979623,0.18762284271979623,0.1631018245927091,0.7800688552021225,0.03686418654420041,0.11961192889675948,0.06676515863085576,0.12328778582937844,0.16104938960355758,0.933438231608125
makeup383.jpeg,0.20168229137354626,0.20168229137354626,0.16300480382905966,0.8082688937078846,0.035473594409822694,0.1389538090166414,0.0063951959438979635,0.09691787391612744,0.17885472937062652,0.902602645897867
makeup4.jpeg,0.26668664486348176,0.26668664486348176,0.19446077446420068,0.9592545947033346,0.04324219783884244,0.17795537814848325,0.002485994846582474,0.12720428194334293,0.21987273960043602,1.123457799500876
makeup409.jpeg,0.24210024020065088,0.24210024020065088,0.18074336590803775,0.8446474167472656,0.03759927612693696,0.15903928154651073,0.0006161043124447652,0.08879339738423264,0.19176766115822377,0.9896357435844999
makeup418.jpeg,0.21216522897427498,0.21216522897427498,0.17316173385507574,0.8214918775256213,0.03672260641332836,0.14685503001223824,0.0008542453534455436,0.09365611483649598,0.18126449576759032,0.9651555913804404
makeup42.jpeg,0.17728041029723482,0.17728041029723482,0.1706016492771021,0.7051119690036547,0.035444185184429586,0.11109760562305895,0.05291391861901723,0.13096278001077113,0.14242047955650594,0.8696468501340422
makeup427.jpeg,0.21777052510227685,0.21777052510227685,0.18700385325868565,0.777235985637278,0.03542429643849987,0.1085313639207354,0.007038647546598904,0.1440696506933802,0.1648409613774615,0.914661236811354
makeup428.jpeg,0.19921148923624388,0.19921148923624388,0.1817865848546656,0.8110435563360633,0.03879467142670587,0.12872613936669022,0.04701977076916515,0.13333526199662932,0.16376046948703427,0.9774276429256609
makeup432.jpeg,0.22475466101288832,0.22475466101288832,0.17599452193517887,0.8327200519106778,0.03703045792763457,0.14943314372407007,0.0004486446403102007,0.08620106752444578,0.17545221612673237,0.9587311928049292
makeup434.jpeg,0.23238182928244086,0.23238182928244086,0.18372098245461166,0.8140003669355778,0.03571649235089024,0.1168031441355649,0.00012153087435008514,0.130088947716309,0.17037611230524016,0.9559364240876241
makeup435.jpeg,0.25174204467353234,0.25174204467353234,0.17564076601556242,0.8549955741931595,0.03510435179967207,0.15641441267679515,0.00183115789162498,0.08643777539978612,0.18185226970421403,0.9517996263688302
makeup440.jpeg,0.22303818997023672,0.22303818997023672,0.1606317915741106,0.8243076288625151,0.037047990986718335,0.1422125574767524,0.04093876285827878,0.10020130746933388,0.17519700108260303,0.953046010800872
makeup446.jpeg,0.2257199057074943,0.2257199057074943,0.15915129898198535,0.8055212659336473,0.03379264028187692,0.13954048965891033,0.0013618609496825714,0.1059138823855491,0.17877951666011804,0.882253417023068
makeup452.jpeg,0.21997661645457672,0.21997661645457672,0.17139283661869076,0.8407662730582822,0.037951474339106596,0.14088215251565397,0.0004832086829455576,0.11738551081028499,0.1812505369188155,0.9663107910517525
makeup454.jpeg,0.21140326401493933,0.21140326401493933,0.1449041462145633,0.7652846402893301,0.03764122756459506,0.14182534710915728,0.07332905018696634,0.10558436995031316,0.17192246371109943,0.9418961290070615
makeup455.jpeg,0.21925648717800963,0.21925648717800963,0.18335251125023486,0.8081124141803157,0.03998751152168295,0.13763972455473103,0.006481495060255171,0.1488756830379023,0.1717837490358106,0.9930665147021829
makeup458.jpeg,0.20233717328069287,0.20233717328069287,0.14988431020676493,0.7799154904231174,0.03640972260568191,0.13191828288768936,0.08979796674522385,0.10538741672024937,0.16746974954959698,0.9206424271806108
makeup465.jpeg,0.22031059647088644,0.22031059647088644,0.19261252849132104,0.794952373913747,0.03742215546985479,0.13023698083330287,0.0005211221037349516,0.10529807194645416,0.16477401573874545,0.953983195050157
makeup469.jpeg,0.22551004340059544,0.22551004340059544,0.1896232683679637,0.8809224138561397,0.038040446428198864,0.14988671629854539,7.91146081410963e-05,0.10741329298539054,0.1853564983668931,0.9812765513810616
makeup470.jpeg,0.17604749366696273,0.17604749366696273,0.18299043042930782,0.7264062122543429,0.03764664834659383,0.11384819646701169,0.0006470143163281364,0.15542899749296754,0.1431144487950795,0.9163651904329977
makeup474.jpeg,0.19999780353768173,0.19999780353768173,0.17336586033228693,0.8008867509843228,0.03527280979171947,0.12653116184001906,0.000847845921290407,0.10004213359188964,0.17043539354434017,0.942983351323319
makeup477.jpeg,0.21730081109512,0.21730081109512,0.16520308624508134,0.8211743595161362,0.03629827067979885,0.1447105519296294,0.04003347434722761,0.11520564305973464,0.18245157150286298,0.9008652133810888
makeup478.jpeg,0.20141398743312805,0.20141398743312805,0.1515503857462036,0.785305263587658,0.03435690340505408,0.11900518361831809,0.060160091108069774,0.12577967721006844,0.1650896041671987,0.9176089842841879
makeup48.jpeg,0.21508595867177635,0.21508595867177635,0.17931736459034195,0.81890729955043,0.037405035744387485,0.1415601136113836,0.0010189370353702216,0.10844160833400754,0.17457640659772905,0.9401321145162423
makeup480.jpeg,0.232014032698739,0.232014032698739,0.1630936963076055,0.8338100288452379,0.03698335916343694,0.143212098825782,0.047726121667622266,0.11620773563945314,0.18331545168222194,0.9419291952369544
makeup484.jpeg,0.19732240350801916,0.19732240350801916,0.14829976227301886,0.7378109170666075,0.037491704980956574,0.14464668954476756,0.040097707773089325,0.10334248234833655,0.1751431786737027,0.9023024453288594
makeup49.jpeg,0.1771641411857504,0.1771641411857504,0.1410123666332961,0.6324480977977618,0.02913634848807542,0.11382179518552611,0.0005921299831305174,0.0794224222176,0.1385463084920723,0.7556242997144219
makeup496.jpeg,0.21563634978431143,0.21563634978431143,0.15620506087674987,0.7966636106802848,0.038101475652827975,0.1392475682475537,0.014703458864197383,0.10360345623418835,0.16791457351230543,0.9376447074787911
makeup497.jpeg,0.22248744848384988,0.22248744848384988,0.16743118138094865,0.880342593923724,0.035983810125966735,0.14480263809342292,0.0004111994846915566,0.12393585547966204,0.18952786897698087,0.916356200871923
makeup499.jpeg,0.20664000444637934,0.20664000444637934,0.15234962357967807,0.7664437170943779,0.03554027423988951,0.15224565792470302,0.0012573731911932357,0.06929108561478672,0.18404513562799085,0.912989526824246
makeup501.jpeg,0.2442629302408118,0.2442629302408118,0.19935888196345233,0.9185328375322707,0.04356641715808331,0.17558166456568772,0.0010565067568205388,0.10814611881551306,0.20514643037026728,1.0893650247667102
makeup507.jpeg,0.20371947846377725,0.20371947846377725,0.18047705561225305,0.77251763604742,0.03391335053832819,0.13274069537048827,0.0016109075231067972,0.08527760199833226,0.17268295411595141,0.900181855073898
makeup508.jpeg,0.25796750327096474,0.25796750327096474,0.19421248005144687,0.9188488333929734,0.042980684326320164,0.1812267523839793,0.005251862241585713,0.09883660780154774,0.20411514292439117,1.106428093806511
makeup516.jpeg,0.25627653838606523,0.25627653838606523,0.22607342972520647,0.9979383592446389,0.04424829451553408,0.1839767673839918,0.0004139443022819516,0.11015697773290954,0.21042269483930462,1.15664892795516
makeup521.jpeg,0.23560224074532732,0.23560224074532732,0.17285303900353868,0.8647733067182594,0.03847300388848217,0.15692964843031182,0.0011209997651458641,0.0907774477206773,0.18852438776570013,0.9907313033446399
makeup525.jpeg,0.1900875942942579,0.1900875942942579,0.15778441310585906,0.7255916359332032,0.033898221669790285,0.11444014688739002,0.0004628614760731349,0.10780552558984684,0.15224458219951573,0.868221870496437
makeup527.jpeg,0.2711361707461905,0.2711361707461905,0.2121489476235106,0.9862422322322181,0.04335066546050839,0.17512610860967795,0.01354028105450854,0.13125769446621863,0.21050130840279158,1.1154216323409845
makeup530.jpeg,0.2566298299269427,0.2566298299269427,0.22182557985605814,0.9716864962364861,0.04462985105858186,0.1753320195673883,0.0016385622533820641,0.1274581707878944,0.20312724830239023,1.1362330634945594
makeup531.jpeg,0.22164186571016872,0.22164186571016872,0.1447696231360382,0.7689759923017101,0.03681890700808991,0.14624906803863846,0.050442188357157566,0.10378720170534415,0.1739013915741963,0.9059472926230308
makeup541.jpeg,0.17187462268529355,0.17187462268529355,0.16563229620692194,0.7237614593220602,0.037341517324704566,0.11539316686572774,0.07669047949482775,0.12623292881070716,0.1486733186890728,0.8990055453162321
makeup544.jpeg,0.18866353644902747,0.18866353644902747,0.16714435050859655,0.8027275959888482,0.036317587260555034,0.12558543049070564,0.00108924413140563,0.11533039454302355,0.16556898774658604,0.9385381688228698
makeup545.jpeg,0.2051756804912211,0.2051756804912211,0.15759504385773995,0.7953292080854499,0.03421283187961528,0.1454717406931644,0.0609999622531524,0.06751921002360359,0.17593314369767737,0.9223259679640856
makeup548.jpeg,0.2646177616355288,0.2646177616355288,0.20783414305131476,0.9681864502159505,0.04405131090539586,0.20749583987736273,0.0007954936646426947,0.0852061276821868,0.23210284408681542,1.1614574806222928
makeup552.jpeg,0.23540041984774218,0.23540041984774218,0.1939033636744296,0.8366188756841655,0.04031252579088595,0.14483909199068964,0.010179799058473384,0.14482272441745728,0.179326310091038,1.0331462773257911
makeup556.jpeg,0.2035070983413053,0.2035070983413053,0.15931762228326235,0.7700671020553429,0.035171490728268674,0.13235124562383277,0.06077107026404158,0.11631393840616021,0.1675317918391791,0.9181237041696305
makeup557.jpeg,0.21652993084687583,0.21652993084687583,0.18545422565521597,0.8411910252129188,0.037343394019474806,0.14137307456200204,0.012448252064787616,0.10689143566144152,0.17391733678944923,0.9953026448530569
makeup564.jpeg,0.23254314267762913,0.23254314267762913,0.17651928767199468,0.8387572041920857,0.039227171778740716,0.1531851565089751,0.0011093495447027097,0.09973649805782989,0.18053721672383732,1.0136910936295938
makeup570.jpeg,0.23201752565921674,0.23201752565921674,0.17737227258234303,0.8858186240975122,0.0393875033956789,0.15157738940539567,0.05502008754357889,0.11775168427171495,0.18632007354222407,1.0323478262076042
makeup587.jpeg,0.18319764046536505,0.18319764046536505,0.1459859095021723,0.740196245937732,0.03650540011024429,0.14330492577942586,0.08232283339557282,0.0740192607801605,0.1691466834966397,0.9230730280336434
makeup594.jpeg,0.23656799113963992,0.23656799113963992,0.1996063401877733,0.8839540693440706,0.0399436494464239,0.15243030545400588,0.000836751823009,0.10896254128485425,0.1875465567189567,1.0575391783538037
makeup6.jpeg,0.1820027739108851,0.1820027739108851,0.14251201056000667,0.7178128567128761,0.034943483308227184,0.14694158802830826,0.00013222085063543137,0.05800349324336001,0.17093694136183396,0.8893798932999162
makeup601.jpeg,0.23545144227780787,0.23545144227780787,0.2055589436206024,0.8720533391015264,0.03950464635769688,0.15372066797065864,0.0007060897770736086,0.09361806997315683,0.1876084398833786,1.013484580607046
makeup611.jpeg,0.18688326526850033,0.18688326526850033,0.18463588639980333,0.79991400893313,0.038346827481696426,0.12822422651156237,0.030965819312207512,0.15822630304299154,0.16011513325467158,0.9829040382354014
makeup612.jpeg,0.21326494138721616,0.21326494138721616,0.17789122530783835,0.7853872286144591,0.035623256861921415,0.1172118249734321,0.0003949433852883374,0.13610450251273182,0.16439529210644416,0.9193155304628836
makeup628.jpeg,0.2391398854782501,0.2391398854782501,0.1701101960963481,0.8419910321041998,0.039234817581317624,0.16016126841545214,0.0727269441599718,0.09188808691244228,0.1889312610990621,0.9687355979531364
makeup631.jpeg,0.18797534013675307,0.18797534013675307,0.14113440251921025,0.742695015437731,0.036514337359124335,0.14990780155534303,0.00040335759656036737,0.05266830240272268,0.16692040139772074,0.9181263552792265
makeup633.jpeg,0.16232562582633572,0.16232562582633572,0.13942240755227192,0.7170367813559236,0.03451066301327317,0.15771818433371607,0.0006003885806724299,0.026180729380317857,0.16741050538850893,0.9273598318026929
makeup638.jpeg,0.19872112147134496,0.19872112147134496,0.1572191154891299,0.7731647303104154,0.039017382494491736,0.14649406116227848,0.0003726091727834562,0.09350435022353512,0.17290182640172286,0.9337614791610566
makeup643.jpeg,0.22915939844776262,0.22915939844776262,0.16311408505395789,0.8274120258362194,0.0413381049922174,0.1897867788343171,0.04478815979802876,0.05758324416255955,0.19606954862555986,1.0503783270377596
makeup648.jpeg,0.22837445283355032,0.22837445283355032,0.17679657547859146,0.8348602481586153,0.03999322029051085,0.16079923756838754,0.0019224939228253831,0.08127944606247198,0.18523460196747754,1.0298679986318013
makeup649.jpeg,0.21681774258351735,0.21681774258351735,0.17394619451444232,0.7982686194978441,0.03644330078867409,0.1452787566486926,0.0006480346034374026,0.08289673664258516,0.1767062982824066,0.9532834218116185
makeup656.jpeg,0.20364450329828332,0.20364450329828332,0.16108220436091625,0.8206471327653491,0.035764583266062765,0.1407542023324582,0.001310857982067086,0.10523156153987434,0.17907996859220934,0.8843999431053706
makeup659.jpeg,0.20421601319734484,0.20421601319734484,0.16355922685323596,0.8297565708178427,0.039484056561078125,0.14843865567980394,0.0005656211030909459,0.12084425445324365,0.18547454151897858,0.9472032260482477
makeup662.jpeg,0.2515125163266275,0.2515125163266275,0.20469366265130798,0.8762643774283957,0.03714704157045106,0.1502035773696931,0.0002037100528992406,0.10246521260480648,0.17916334074888274,0.9976270762626656
makeup663.jpeg,0.23417460433515935,0.23417460433515935,0.2024500833680977,0.8709801257106893,0.040915041527453046,0.1685819459773191,0.0016940976881394424,0.09057007599215851,0.19943152197120845,1.058299190822017
makeup664.jpeg,0.21832350345224005,0.21832350345224005,0.17770955057756926,0.8548633614165165,0.03988320208502072,0.15816929649052774,0.0008004150977457625,0.11360504068430886,0.19087368002010474,1.006690124616494
makeup665.jpeg,0.20207451386853156,0.20207451386853156,0.16635916958958483,0.8097712543560626,0.03851361561896391,0.14946949971799098,0.000954782841942132,0.10022953764113922,0.17939433959161835,0.974103949147927
makeup67.jpeg,0.194075429078369,0.194075429078369,0.16860682319253556,0.7613461896761468,0.037264396403433236,0.1293377108910385,0.06407034464597053,0.11209131060396026,0.16373422699566864,0.9209396636456694
makeup675.jpeg,0.21443084579716715,0.21443084579716715,0.16625441253238196,0.8198135205218023,0.03781978549039912,0.15234985452514163,0.08219763870490861,0.0775565389400822,0.17271338439381098,0.9807783879625883
makeup676.jpeg,0.1988725817890883,0.1988725817890883,0.1428722264893235,0.7583325790202067,0.03227149770868382,0.14292167801487513,0.0013541796216420137,0.06583850276974408,0.17448489640483952,0.8623371377006885
makeup679.jpeg,0.19285345357985642,0.19285345357985642,0.14472103581720855,0.7742622552467727,0.038838151028206605,0.17293998702452756,0.04337200358522844,0.05792540880695887,0.18740067470532185,0.9772267218457985
makeup680.jpeg,0.21657362105735137,0.21657362105735137,0.1673703599662516,0.8016751006351811,0.03532502469002458,0.15001497887535933,0.009777066889625714,0.07481294760977406,0.17971618976391812,0.9207209172314577
makeup682.jpeg,0.17158760076274326,0.17158760076274326,0.13603987417999056,0.7104022312350249,0.03767571229663011,0.17108787106312018,0.0013754764360400923,0.04312837057753323,0.1865546015686851,0.941708114491185
makeup683.jpeg,0.2684711989388449,0.2684711989388449,0.22927778027021356,1.028943345151995,0.046288674132714175,0.1810116838453404,0.0015886859812197908,0.14796589731513574,0.2247567112442443,1.1827282041635048
makeup692.jpeg,0.2121949525328895,0.2121949525328895,0.15641890083919563,0.8311824625436404,0.040099111956280895,0.1703439745943341,0.04636005333044188,0.08349726168350478,0.19757373296757183,1.029187818728319
makeup698.jpeg,0.15662072575234331,0.15662072575234331,0.09354124698868238,0.6347386278416278,0.03806621050423112,0.16744095830490524,0.009661946191655415,0.0468406129229771,0.17517865616785902,0.9192159557263957
makeup699.jpeg,0.184389318912062,0.184389318912062,0.14188460006676465,0.7371976706844336,0.0382784328375284,0.16910971397438102,0.0014354706525311566,0.05086226887602923,0.1818690710671657,0.9589462826661058
makeup701.jpeg,0.22383451506114704,0.22383451506114704,0.17043514152487144,0.836626738417485,0.039247511076171186,0.14855171003699022,0.0034481306089438825,0.10148159616917798,0.18314309511219595,0.9891081908372744
makeup703.jpeg,0.2340328172662483,0.2340328172662483,0.18596303553109372,0.8720310054254639,0.03982737508128795,0.15184627131710113,0.0006205253726076994,0.10665326793233015,0.18712581844046636,1.044705498669976
makeup704.jpeg,0.21699682368092224,0.21699682368092224,0.18292348731264024,0.7770710571899818,0.03539460173866418,0.134485423209852,0.002162662621667737,0.10232487126770891,0.16867421538168556,0.9063714672775026
makeup706.jpeg,0.3091030667666664,0.3091030667666664,0.22658793930026486,1.1130897124010812,0.04731238327480855,0.2024604967834255,0.15425139422883513,0.1661440319053087,0.25781146267455957,1.2318319471774868
makeup709.jpeg,0.22445238993874558,0.22445238993874558,0.18573015742679386,0.7994346300529382,0.039307817696839956,0.12679632058509233,0.002207256687682554,0.1407789807000268,0.17007439534068836,0.9795236980964233
makeup711.jpeg,0.18507125181896292,0.18507125181896292,0.1483759583042835,0.6928449214948008,0.033528661072605284,0.11384188796591808,0.006917777950534331,0.10276441022220126,0.1489883387490777,0.8350047405326938
makeup712.jpeg,0.19509266297061365,0.19509266297061365,0.15148987794329094,0.7544918227310983,0.0368036082545139,0.14536230753508833,0.07780577787917355,0.07772445849636625,0.17265735154892542,0.9189386137183614
makeup716.jpeg,0.18385654751242783,0.18385654751242783,0.16402265154581508,0.6529185468707146,0.033550050795668654,0.10144248150802437,0.023338913928501542,0.13379287352020366,0.12889334058984275,0.8578120027708397
makeup718.jpeg,0.21205400273206548,0.21205400273206548,0.1992281070042123,0.8296838720430227,0.03547662470925316,0.10474583611607916,0.0022587652219733054,0.1437718063756444,0.17714123152421152,0.9506578491970213
makeup722.jpeg,0.17504283697104073,0.17504283697104073,0.18362081990591583,0.7017861748534736,0.03751996845121619,0.1159539644320132,0.00015858126868741195,0.15441989352549684,0.13777163028683848,0.9357031707829935
makeup724.jpeg,0.17278459737293478,0.17278459737293478,0.15035152016826364,0.7038598907180685,0.03489173562964489,0.13152685175926032,0.0012158109626592296,0.08051597398254155,0.1572069089446543,0.8713021346288986
makeup725.jpeg,0.17803869091131178,0.17803869091131178,0.12491181057928252,0.6801511625174991,0.03371253158402508,0.14084484180709453,0.018810769164505997,0.056330998780170685,0.15622398216139835,0.8297567330305988
makeup728.jpeg,0.15940539898177827,0.15940539898177827,0.17676768177871105,0.6960516825343944,0.0366665948245357,0.11403087450452425,0.0022953301648335916,0.15331411272428747,0.13481556033758918,0.9127371186202414
makeup731.jpeg,0.2392106103871246,0.2392106103871246,0.24459020657519612,0.917137363845038,0.03977672052764414,0.11468303422783861,0.004504324989342388,0.1968594679451527,0.162122159818911,1.0404225101783025
makeup733.jpeg,0.2222366860838252,0.2222366860838252,0.13291875355050137,0.8154859698300406,0.04155891497849371,0.2000515244334772,0.0007129934073053295,0.054788381051827297,0.21932487689898306,1.046645258964284
makeup735.jpeg,0.2582007605775392,0.2582007605775392,0.2274332512231282,0.9514297260673801,0.042171080609612895,0.1600329987595582,0.002628072552120592,0.1074704589266366,0.19068547586315254,1.1395619759287285
makeup744.jpeg,0.19533451193086532,0.19533451193086532,0.0895653649381024,0.6474532854311841,0.032290392812065666,0.1446836832055473,0.06961108100553504,0.06701667148895538,0.17428744419267356,0.818385312246032
makeup749.jpeg,0.25679350679586854,0.25679350679586854,0.2162068386285683,0.8782251033006075,0.04326784743310436,0.15023283663432505,0.047711271115761344,0.16291078512618162,0.18969318481219755,1.1109112754503125
makeup75.jpeg,0.23105073673162077,0.23105073673162077,0.19270646984594925,0.8628676937144679,0.037925951143966394,0.15363498293727412,0.0009007434024911566,0.09698260070927284,0.18453623681216216,0.9806312530968775
makeup750.jpeg,0.24653346360816997,0.24653346360816997,0.20354099754088786,0.9556943857928818,0.04141827915041097,0.16484324660459684,0.0009071753407761843,0.1179138101637802,0.205287424975963,1.1073715232591679
makeup751.jpeg,0.18767508825776788,0.18767508825776788,0.13243795469329725,0.7213153492147424,0.03511565350431221,0.16572434483817428,0.0022751425707439057,0.03241085489269896,0.1745704492661305,0.9261465271486827
makeup758.jpeg,0.26695133245636476,0.26695133245636476,0.22188129184644886,0.9497648344891426,0.04356980327460837,0.17281584787123017,0.0007541688531192282,0.10645705447297585,0.1986613716545801,1.1326331892601433
makeup759.jpeg,0.23552099468291957,0.23552099468291957,0.15666737865209415,0.8931800402779962,0.043453446033013425,0.19971818187522286,0.02126434894506672,0.07625070921560788,0.2279495142238886,1.1104033079861577
makeup76.jpeg,0.2890977484146976,0.2890977484146976,0.22406594994888535,1.0113457238712618,0.04193739881014233,0.14220076022045885,0.0012278738298278726,0.17288429927653629,0.21572456851601501,1.1282130703802267
makeup761.jpeg,0.2297933001442519,0.2297933001442519,0.14615134436230776,0.8209354024224722,0.04110695611194379,0.17180308716167322,0.052365359456341395,0.08338785408615076,0.19457235935879952,1.0386075908215755
makeup762.jpeg,0.28044785954374646,0.28044785954374646,0.22403208680725759,0.9410263667667926,0.04067350523179935,0.1521598410437692,0.000915970460689569,0.12973315623854728,0.20331431532042982,1.0738710514655
makeup763.jpeg,0.1957615466235695,0.1957615466235695,0.1682657370153906,0.745969255194339,0.036318391952781304,0.11689521362320628,0.0004417276256914737,0.11573591399097533,0.15519615832362993,0.9224206668046813
makeup766.jpeg,0.21728947262983292,0.21728947262983292,0.14936012639138357,0.8184955969505116,0.036237893381263764,0.1555617255165698,0.05108357184752286,0.07686001864641406,0.18516288025888225,0.8984564121650614
makeup767.jpeg,0.18560273509959907,0.18560273509959907,0.14849437920116357,0.7884330219554941,0.03767424721976068,0.16953812411447855,0.003878107509024273,0.05775283234779341,0.1944217404308481,0.9658945459918893
makeup771.jpeg,0.21141870133327567,0.21141870133327567,0.1337177240410044,0.8120588418151489,0.040140489788665745,0.17090633270193242,0.07992675230238519,0.0964713416831942,0.1990725969589301,0.9943436354910903
makeup773.jpeg,0.20098281319320901,0.20098281319320901,0.1469819012523134,0.7567733003959184,0.035033854127459615,0.14232539246552078,0.03134261103108164,0.07463188593539798,0.16942807378765706,0.9052319065964642
makeup774.jpeg,0.2332055386374448,0.2332055386374448,0.20400029592590854,0.8683666867222156,0.037717165884786984,0.13362283080128157,0.001124287908078459,0.13223561600612566,0.1758717734656069,1.0103419288510636
makeup775.jpeg,0.2190000551860262,0.2190000551860262,0.16227804511683538,0.7921661340189655,0.0367519008378457,0.13917925363929365,0.06791001193846019,0.11956761672097974,0.17178783363907082,0.9235225696144517
makeup778.jpeg,0.22857412848407563,0.22857412848407563,0.1900773372718627,0.8488531083041622,0.03910774348484414,0.1404986595115514,0.02103398162151265,0.11807426793473154,0.1815140363528409,1.0036111185626682
makeup781.jpeg,0.21052705834158933,0.21052705834158933,0.13698821869052044,0.7657623386100741,0.03353120134650491,0.16001179257952575,0.0016718711674205656,0.047821632072151475,0.18081394777875434,0.9127297543052112
makeup797.jpeg,0.1946241265525039,0.1946241265525039,0.1625465277459194,0.8230969086865653,0.03634797837284162,0.15085508874986503,0.05848038691865736,0.06063318814389212,0.1725356304706505,0.9578257524605251
makeup8.jpeg,0.225651759890029,0.225651759890029,0.16872072450656642,0.8305301273359562,0.04110693504189391,0.1495853023992304,0.06558406606549413,0.1251300195955411,0.17985419537363312,0.9832839000911245
makeup80.jpeg,0.2130150589721969,0.2130150589721969,0.19097697468634586,0.814436269609636,0.03850466217953769,0.1168727442701292,0.0031737110991386813,0.1682696878409538,0.1610080338208456,0.9587060712204509
makeup800.jpeg,0.22384622991552142,0.22384622991552142,0.17102810222650328,0.8140118289620702,0.03714886387947754,0.14788303488858304,0.0015801876903401334,0.09318934781247729,0.17817881260202284,0.9435793038491848
makeup801.jpeg,0.24023352763241468,0.24023352763241468,0.20572773226463925,0.9001242372964883,0.04178630826605528,0.1612956548702871,0.0009441502636028921,0.1047133280373622,0.19188004735895306,1.0861943051643026
makeup803.jpeg,0.24963528649840597,0.24963528649840597,0.17878161872718,0.8826220269292543,0.041357911847001896,0.16627209779691934,0.07306513759135363,0.12137167932498268,0.20379269838328126,1.0478482592555232
makeup804.jpeg,0.19780083237316456,0.19780083237316456,0.16274882328195991,0.7872685797538296,0.036358476367550664,0.13446954109808976,0.03719143545552069,0.11502914457960987,0.17445679195510752,0.9231144931876695
makeup805.jpeg,0.20559816392999752,0.20559816392999752,0.1692686136428666,0.7546742115416291,0.03569344984176147,0.12158406502673522,0.0010838406401734275,0.13626541260831182,0.1554536650978099,0.8992800277486378
makeup807.jpeg,0.19535855072184857,0.19535855072184857,0.19817849572128665,0.8162428145163746,0.037975399646083,0.1218358143792392,0.00024136913964915293,0.17196108332275142,0.1666280918407866,0.9857038365010694
makeup811.jpeg,0.18561382938828608,0.18561382938828608,0.17285667426551193,0.7231182089237755,0.03758377007848548,0.11629255411821592,0.07214241807705282,0.11546026614117232,0.149177038697331,0.9358584207005316
makeup812.jpeg,0.22295834225888717,0.22295834225888717,0.150674477997128,0.8196238893239215,0.0368465711134931,0.1690755067835437,0.0019484338270567892,0.0692543636719239,0.20045298457393163,0.9395755684426883
makeup820.jpeg,0.23584204427450986,0.23584204427450986,0.19256741047123585,0.917788246336686,0.043840585805674404,0.18509374862074798,0.016676508549479177,0.08172358446890314,0.2035707761315807,1.1346839382822014
makeup822.jpeg,0.2141240596100734,0.2141240596100734,0.1667262097790363,0.852275494625009,0.03827442196134339,0.165336002227776,0.06536366673769456,0.0732803017201829,0.19035703488733582,1.0418373318118057
makeup823.jpeg,0.20016438716846185,0.20016438716846185,0.1403158202338255,0.7402585000218896,0.03574753432154091,0.15920706528152917,0.030814366326552975,0.05949375941092953,0.1852265812734462,0.9347866562169443
makeup826.jpeg,0.20887950527166269,0.20887950527166269,0.1433862862389865,0.8129063775170122,0.04102679601658799,0.17679307761477123,0.08156697794496152,0.07832596880369681,0.2032328935945286,1.042980337397125
makeup830.jpeg,0.25350476418074586,0.25350476418074586,0.19396864823959103,0.9158812736161392,0.040487158354202614,0.1638998690107526,0.03517050649815384,0.09143423328848492,0.19464207993839838,1.0511911609735782
makeup835.jpeg,0.2392075883505653,0.2392075883505653,0.1740946124997005,0.838614298553176,0.03926565641345633,0.1501612744649654,0.0069267226122931656,0.10636293545740698,0.18100748024137397,0.9894798386921885
makeup838.jpeg,0.22384562870884678,0.22384562870884678,0.1832065834892634,0.8738072517676387,0.03949556412764426,0.15818690196941015,0.0010672413578535864,0.08819261328915785,0.17779291960511265,1.0053388749634415
makeup844.jpeg,0.28002010489575113,0.28002010489575113,0.22851507634757637,1.0283984291101875,0.045068903002203516,0.1858953343977858,0.03143074051667523,0.09313782756353754,0.20294615585541376,1.1615082275465345
makeup846.jpeg,0.1985282920563023,0.1985282920563023,0.1609353444612459,0.7551708118722552,0.03965558338014581,0.14178010732546933,0.00042080697695473014,0.10025924999286827,0.16607188069027176,0.9379227971264269
makeup851.jpeg,0.21941327457670218,0.21941327457670218,0.15712952197692873,0.8348988437711045,0.039895623129433816,0.15706586355518296,0.07590587729780755,0.1056963985922325,0.19245120161700757,0.9978593464386999
makeup857.jpeg,0.16276122697555687,0.16276122697555687,0.15510706323390475,0.6596640199151182,0.03248225823463302,0.08988969166224801,0.06386158398985647,0.12073375454027348,0.1341358760555239,0.8640491602067583
makeup86.jpeg,0.20719581267537607,0.20719581267537607,0.1704939882274425,0.7799920590746328,0.03420668207255683,0.13667649902821605,0.0003864567016240799,0.08983004886964771,0.17692717893392412,0.9008356936211707
makeup866.jpeg,0.24570358410990026,0.24570358410990026,0.18079819878578066,0.8751822010365067,0.043172320384592656,0.18007407327042055,0.014907932170803776,0.10350828463467991,0.2036069111835352,1.0755264920342726
makeup872.jpeg,0.22112784358219242,0.22112784358219242,0.16234095806939156,0.854105245734379,0.038096541431141495,0.14646875695359296,0.0017597968398077508,0.1104669652999967,0.18296043419125602,0.9618918966351195
makeup88.jpeg,0.2024353356082256,0.2024353356082256,0.14806958708895349,0.7446329812058416,0.0376681813001198,0.14101324569331275,0.00010182071500044599,0.09117835602644712,0.1673310997280711,0.8905912669180445
makeup881.jpeg,0.20952251351027956,0.20952251351027956,0.16480610475429064,0.7506455057010528,0.037045239017588175,0.12532566830652106,0.03917152624989619,0.13154559917669967,0.15454951351205148,0.9396821694425228
makeup885.jpeg,0.21857077352278645,0.21857077352278645,0.1600828402555602,0.8515320492191221,0.0391447105565062,0.15812813388557947,0.0722797892025086,0.09794077596872185,0.19138892938101623,0.9850288160928092
makeup887.jpeg,0.2072303886988704,0.2072303886988704,0.1610016143231133,0.8203656293981275,0.03698251180679662,0.1449555253458171,0.03775672292009904,0.11880786673361379,0.1862058254965432,0.912284514731538
makeup889.jpeg,0.21473600408524302,0.21473600408524302,0.1654976956219759,0.8162442176151075,0.03865752406079613,0.15204149048162433,0.0012870314472059054,0.11404050189672515,0.1857020881673013,0.9254888169982484
makeup890.jpeg,0.14343023601385066,0.14343023601385066,0.12519715164969059,0.6611135253495098,0.03478982187092587,0.1511542513690933,0.012613382830956529,0.038840024283361516,0.16495074545148794,0.9042958904735641
makeup892.jpeg,0.18497967248808758,0.18497967248808758,0.1410003334479347,0.7296208359925689,0.035606682932814514,0.14892546795726508,0.01440971263381629,0.061666291293299355,0.17471936015027442,0.8880711134894712
makeup894.jpeg,0.20693433489642107,0.20693433489642107,0.17749412245559207,0.7878765799462772,0.03758701897641755,0.13798289137198286,0.024932664684415802,0.12189511019671002,0.17094563232454407,0.9444823722402098
makeup898.jpeg,0.20000488845077855,0.20000488845077855,0.16111391773310965,0.7709897893253508,0.03508308039260643,0.12989127312867244,0.016168002176117503,0.1110111564773502,0.16557856738551402,0.8973904392839273
makeup899.jpeg,0.21704212407211312,0.21704212407211312,0.1720250433959985,0.7848260770566942,0.034628174146697006,0.1415589318736707,0.01291101091634409,0.08840310183867112,0.17909814133517776,0.9259464701736448
makeup901.jpeg,0.20866386345573057,0.20866386345573057,0.16683358109593438,0.7854872736362871,0.036999051435762535,0.1367701719430027,0.0003791009711253099,0.09843940572231405,0.1682055861600711,0.931690058862071
makeup902.jpeg,0.18549031905479121,0.18549031905479121,0.1562580797051152,0.7586153122724122,0.03475447675245992,0.11486213650293936,0.07195360489183399,0.1290413406370277,0.15073515458612868,0.9014265691096401
makeup906.jpeg,0.21740547708765678,0.21740547708765678,0.13173921005938746,0.7869396874475313,0.0402483100100177,0.19221870744080954,0.0007340433801770358,0.052221276776540565,0.20978748563900135,1.015653537689405
makeup907.jpeg,0.27690086975847267,0.27690086975847267,0.19677057490133784,0.9540840142018913,0.04555088137435424,0.18425272860404865,0.004031839520330939,0.13298470358943096,0.21585397924399807,1.1492084326305287
makeup908.jpeg,0.20198570324247672,0.20198570324247672,0.18276734354677848,0.8283031879631952,0.039085337585867186,0.14690932357788697,0.049066549255046214,0.1057590731985198,0.1783652996454726,1.0133299720116111
makeup909.jpeg,0.20719812525179773,0.20719812525179773,0.16278279130762613,0.8182066765095253,0.03601337359104266,0.15975982310793888,0.02121673515630015,0.06634530045913832,0.18871949721822912,0.955895312214553
makeup911.jpeg,0.19603315074672203,0.19603315074672203,0.1603129459834443,0.7765417083166192,0.0385726547886565,0.14303704748209725,0.0008691912288388662,0.09500479953363894,0.16705803657418847,0.9378279318311551
makeup913.jpeg,0.2165358247410229,0.2165358247410229,0.20092554575567131,0.8090765082396632,0.0381526921371585,0.13418082133521345,0.0022242804219358703,0.14149489852790706,0.1771563653945018,0.9839918807374054
makeup918.jpeg,0.20761071194083358,0.20761071194083358,0.15844701952098272,0.7501752588951046,0.0360353830918481,0.12682856508584775,0.0055956611985490705,0.1261211876441265,0.1571758367183267,0.9082073480557984
makeup922.jpeg,0.21261266259426492,0.21261266259426492,0.1723587197605786,0.7995747136433744,0.036887478780628515,0.13163508309834543,0.013376485727999482,0.1132548983780967,0.16920733152937106,0.9355120641347916
makeup924.jpeg,0.2507409341686495,0.2507409341686495,0.21469135095457403,0.9679199933391952,0.04453255411608114,0.20430284689871064,0.006563016783171776,0.09687582079795054,0.2200826055945294,1.1355055240247351
makeup925.jpeg,0.23727810790382717,0.23727810790382717,0.1600026170319653,0.8260371109760398,0.033315649832807104,0.14845704842180385,0.010384158485886748,0.12773786200459042,0.19771877760342943,0.895959991663696
makeup927.jpeg,0.21668328472295972,0.21668328472295972,0.16713484275458274,0.7967647884326616,0.03689725141333786,0.12960444346433447,0.0012588433356717592,0.1278117528605011,0.16410769548218218,0.9284312984808231
makeup928.jpeg,0.19877755571098593,0.19877755571098593,0.1571046994373936,0.8134598940289957,0.03894412670574525,0.1613645306049238,0.0010734050385144526,0.09766158338328207,0.18980071006843258,0.9257519955966015
makeup931.jpeg,0.21424015766303434,0.21424015766303434,0.12343560711524867,0.7910219205915531,0.036736718975191665,0.1711112387182973,0.002187672692604635,0.08648692080175008,0.20321603470791805,0.9557049798412156
makeup935.jpeg,0.20637701546329112,0.20637701546329112,0.15484276059519794,0.7759058427615558,0.037308104934841775,0.14786758713882403,0.0007630383252361479,0.07922800039639635,0.18092796510618825,0.9293841240728565
makeup939.jpeg,0.22225586685535986,0.22225586685535986,0.14456390578837236,0.7905503496776991,0.03762566161198956,0.1464741636468548,0.0281483791059503,0.10611441540054734,0.18402829878421725,0.9218688638645683
makeup943.jpeg,0.22547551788639011,0.22547551788639011,0.2152423672079076,0.8986919680902842,0.03838832295578306,0.1236680213963385,0.002148669010118369,0.16386050121755472,0.18493660099717457,1.0441160955397728
makeup946.jpeg,0.21671658986366887,0.21671658986366887,0.1525144270137428,0.8147975178484316,0.03867321211411314,0.16488847191693107,0.024448050992225173,0.08709094054833083,0.190528255135907,0.9802124197485319
makeup948.jpeg,0.17660467420128378,0.17660467420128378,0.1385759932692627,0.677040417882539,0.032157136509661934,0.12557318137815657,0.046963371273373314,0.08988151200181739,0.157652303291461,0.7944672734587558
makeup955.jpeg,0.1887271336403847,0.1887271336403847,0.16681524771114223,0.7455011583794344,0.03297026492554644,0.12406208155898497,0.006813303153983166,0.0901310919468135,0.16041971334209998,0.8977061555812816
makeup956.jpeg,0.20915097896232598,0.20915097896232598,0.15670933493576644,0.7368378290105018,0.03632226027268134,0.12256131497386871,0.07359253173945383,0.11627572231772901,0.1582225569004831,0.8923552083034596
makeup958.jpeg,0.2144520113708377,0.2144520113708377,0.16859776358236023,0.8385357604392512,0.036454510623971495,0.14443293196232368,0.001250035773736868,0.1086622412390906,0.18628359240810827,0.9299830203044122
makeup959.jpeg,0.2142484433786586,0.2142484433786586,0.14321182742740673,0.7514823499233042,0.03560395179540908,0.12312789519107949,0.07792446895820862,0.12490031875266719,0.15224832228740182,0.905970991177008
makeup960.jpeg,0.22238658284132115,0.22238658284132115,0.16530134927501525,0.8222943435211247,0.04073342153280151,0.1500971372175225,0.0692708472589095,0.10176246179777848,0.18294766649769037,0.9909544341595256
makeup965.jpeg,0.21370333436620156,0.21370333436620156,0.1381251582682108,0.8021556413134985,0.03784376398580562,0.158805449004018,0.006329805872560479,0.09167135005512721,0.1941794090307482,0.9595969379661033
makeup967.jpeg,0.23142579420312004,0.23142579420312004,0.19758043071050746,0.9231051776460012,0.04190859693503135,0.15443703007782172,0.0009681245414365523,0.13705047680458088,0.19767454739271909,1.0797993482483703
makeup969.jpeg,0.1880776940509939,0.1880776940509939,0.1385283422532085,0.7340155332384766,0.03507511700083175,0.1441408577427929,0.000519601298597802,0.07640286324324673,0.17253289562321655,0.8757615047925897
makeup972.jpeg,0.19515158316370818,0.19515158316370818,0.15265124983015102,0.7240260482160629,0.03530461190734244,0.12253866651919919,0.004933524931234122,0.11225048371861257,0.15372045386462396,0.8764914522508532
makeup974.jpeg,0.20757965593385222,0.20757965593385222,0.178283302096195,0.7943542376199753,0.03800228955251514,0.1314367345696124,0.11959671326853093,0.1228386179822797,0.16830594776273317,0.9731613571255726
makeup976.jpeg,0.15756184240466484,0.15756184240466484,0.16176901192122348,0.6334088765494582,0.03244633961955009,0.10087265419977919,0.0013313363479495696,0.13744539410167214,0.12306542409459648,0.8442619527539483
makeup979.jpeg,0.21105849033840773,0.21105849033840773,0.1458079832056088,0.7304697959724166,0.0326859796278607,0.15779214650181952,0.00302334896951864,0.047286852378442046,0.18150863618517057,0.8935307357694123
makeup980.jpeg,0.20286840624146468,0.20286840624146468,0.1668573869882164,0.8028650498913599,0.03962667347071741,0.14655500517063372,0.09400457108347446,0.09932802332787843,0.17972763726895227,0.9848641586969552
makeup983.jpeg,0.21892172373524985,0.21892172373524985,0.1607628256194851,0.7829267695398615,0.037010218297909576,0.14630148701460954,0.0024649266866353598,0.09304899797152139,0.1794507864791995,0.9329159507472092
makeup984.jpeg,0.21902610359783664,0.21902610359783664,0.1727358086152708,0.832261302498315,0.03737169102738836,0.14370662603999648,0.0015688352394691613,0.10500132995003207,0.18276193194704013,0.9317979674962318
makeup986.jpeg,0.2028063090049158,0.2028063090049158,0.1553265275422817,0.8105103073898868,0.03821527676922499,0.14684061466803866,0.02039746294373438,0.10148267444347328,0.17784471866955687,0.9394399911629006
makeup988.jpeg,0.23701501543138806,0.23701501543138806,0.18520700521590872,0.8244978497171447,0.0367139006313436,0.14459913562521118,0.0013739434619718448,0.09686784484473505,0.17845807961510016,0.9677416869655667
